,UID,UIN,Name
0,zqrbpk@school.edu,3973566964,Uxugqomexr Snnrnwpg
1,osutq@school.edu,1847988281,Jzjszgwaj Nepkrdl
2,mcjiuytcd@school.edu,2407726067,Fyxueqvjqt Cygzlcalzz
3,pauavk@school.edu,1478695622,Mesjr Hsvdabtyz
4,dtconpef@school.edu,3755603229,Yzqka Pxdzc
5,rmerohy@school.edu,8822231334,Fbxncvnv Olpabyhqt
6,rbwllntyw@school.edu,6899091323,Pznloganj Rzovcxyp
7,dqtefbabyzqur@school.edu,1816784024,Iyxmjdzw Vprctavvbo
8,uvtxkdpgila@school.edu,3068193650,Xnoswvtww Gxfuwbrq
9,wswgonik@school.edu,3673408512,Luprd Siijxfxm
10,fyqimnc@school.edu,9957436379,Modesgeikw Ehslsxbrm
11,drjti@school.edu,4669779826,Gdqfapenvb Zopioceopv
12,upzmngzwfrbye@school.edu,4057215078,Zbinapjbxb Rsoblqmea
13,shlxadovna@school.edu,7956316688,Fzuvisg Pjimnd
14,afebvht@school.edu,8270763829,Oznuv Shamzbzdz
15,gkzzouoaikerf@school.edu,4758475498,Owxmpsb Nwqtc
16,gxybkahjo@school.edu,6414639555,Gpyyraovu Zjoqhrig
17,ockemvduzsgjy@school.edu,5946036154,Yxmupuq Zyyns
18,mcgotkovjosmh@school.edu,1274030699,Enjnf Axbnpufjzm
19,uizgcvcbgnjw@school.edu,8975553717,Rscstwidu Kmyevuqlw
20,qxrpgepgyvdr@school.edu,7081799272,Xhoooish Hmdvjm
21,sbjbdyzjlhfy@school.edu,3460263208,Zaqeykes Redaffyj
22,jegarpemvkq@school.edu,2086302729,Cbsfcvjmca Zditg
23,gsimcitwsdikv@school.edu,9785629593,Czkohjxsd Yryhccdgme
24,pmtyixgpommw@school.edu,3337423813,Blbmdmyrt Ueuuekr
25,fnsqqpq@school.edu,2776007265,Qgxbttm Qwaqq
26,kywktuoit@school.edu,1140109722,Wpxrumnb Jlroljsnm
27,cfpxszghu@school.edu,9605847435,Jmsifwzqnj Toizmi
28,cxjtvzvpvhn@school.edu,7517200061,Yuerfnqtm Acipqlunm
29,grkdhvapexgs@school.edu,8692708171,Kjvdxj Wrgmfpbs
30,kbzpmogymhoq@school.edu,3932308099,Dmyejl Hxsdfhkrhb
31,ccatbijfmy@school.edu,4705653589,Mduzs Rhcayoyugb
32,aiphkijc@school.edu,3105160513,Rxtvins Dtesm
33,tgiepxpwg@school.edu,1441331476,Gekkqe Rnjzdoa
34,xyecbmbg@school.edu,9486058581,Wyxailysva Fzfwqynddp
35,hyavu@school.edu,9615792820,Rdlrte Veigtc
36,adgzmrwigtups@school.edu,7500997562,Ahhbohvmtu Ojxxn
37,bnbbzmp@school.edu,7586135659,Uidmazr Ilrcybj
38,qqzxqocgemv@school.edu,1922185759,Ovbzzk Idfhq
39,csdbxf@school.edu,1622983839,Cwulm Tarbnj
40,uumlmoumwmebr@school.edu,5129104612,Ffzkxovenq Azgjlxaavs
41,qwbgsgaddmaf@school.edu,4092052779,Qlmxbixa Ltxggwdr
42,ymecrbtud@school.edu,4691590872,Mppgltqe Tgtoneapp
43,zvkoghs@school.edu,2847661292,Acyxbyq Sipkohucz
44,ffcqnvmmjdakv@school.edu,1236095766,Nmtjc Luzceb
45,ndxde@school.edu,1803159941,Foggksio Xawvuvymj
46,jarechjiqhv@school.edu,2584124840,Nlpdgrzih Sgckz
47,phwqnbcc@school.edu,4482068504,Ysxdjzawm Rwqrdvbnmp
48,wlhlg@school.edu,2164213951,Oekjlxxsi Gyffgon
49,ocayf@school.edu,5163800788,Zqlpbd Hvruba
50,tfepdpw@school.edu,7563948088,Ctglxtxqm Tgenmndxv
51,dybqpddihdxjh@school.edu,1058702021,Acbpe Zenwwoyk
52,johwynwl@school.edu,7001827588,Ojqpiuz Ytizxslx
53,bltnlbdjmzjr@school.edu,8921733891,Ubyafhn Wbgphx
54,dentrr@school.edu,9184375449,Qwrazxo Xaswfhpyji
55,mfsgz@school.edu,4285973397,Ekhhxcb Nmacx
56,mwtvybsxfitl@school.edu,9236006156,Uwkcbu Qxztplr
57,rkbfc@school.edu,4247773339,Wtlmwttge Rgtkshl
58,jwwwwpy@school.edu,7449928772,Yqnbtjc Tzmjk
59,vxfognuurbssp@school.edu,1271458515,Qomdghsxk Kbbeydfde
60,indboao@school.edu,6272142821,Rwzpfhmo Nckaah
61,wtwzr@school.edu,6453147746,Qpolkerui Pwqsoptw
62,hbvcmx@school.edu,8043458650,Btcoz Pflfc
63,eojyuwum@school.edu,6080208657,Ymxbueda Ysgrkig
64,jloyzqevs@school.edu,2758163455,Kjdbdyi Vamjmtucim
65,mrxjtctfywm@school.edu,1448352587,Lsaiopmpsx Gfxvtycac
66,hqogeyrlom@school.edu,3065767486,Ttanfbwgef Dqiyiz
67,psarh@school.edu,3774821269,Rwtzmmlpk Oxtsawe
68,ghiffvckofj@school.edu,2502939050,Bxueox Astxsokbxx
69,usgbdsjcoodoc@school.edu,1516243958,Animbuk Dbngegngcp
70,urtuuzmwnslai@school.edu,8288304373,Irkvecpiqw Efbtdwefl
71,vdwextewxbero@school.edu,6528622386,Yyhpvezisv Msddhqw
72,tkkxrhtzds@school.edu,1439079821,Ireneta Bjktvc
73,dvgkpvutb@school.edu,9036513862,Ywuunlzyp Sbluh
74,gvhyomredduig@school.edu,1608641390,Nibwodx Vileflanu
75,orsyywvpv@school.edu,3191595283,Onslh Xqpltcj
76,ivnfqraieom@school.edu,4045790475,Bopbxs Sldwmgl
77,kxkiwudzs@school.edu,8621742228,Dexzbydc Qekbn
78,vqpufmr@school.edu,8208647133,Isgch Drhjofsyr
79,ljorvbuuf@school.edu,4618405034,Oovaazr Kfsnxtglb
80,xxtfkbksiea@school.edu,6050610870,Ezzmtggcnc Rjzmlb
81,hiwveswdcs@school.edu,3508480642,Mcygpvqihc Nlosrvovuu
82,teiqv@school.edu,4721917700,Gzgmpzuwr Lutpo
83,fifphuwgqd@school.edu,4080635665,Hvjybcgxcj Ivzmx
84,pdhnrgy@school.edu,3775234680,Fjpcjwuvcq Wehlt
85,zfclmapswpwgj@school.edu,2206188491,Hncbh Tmeruiodpl
86,ybxrstowdzh@school.edu,5854699202,Eeonkvxlij Kynuvhsugq
87,urvojmscf@school.edu,4710013365,Ysyprwwd Othjuiswij
88,fbroduisx@school.edu,3415155056,Vxsxe Covpnl
89,yyrqru@school.edu,7603548282,Tlypdbspzd Zsbkecvb
90,kcfjidcleax@school.edu,3711729540,Umrcawxck Xoeuc
91,cznmkylyjp@school.edu,3302505259,Ocwyluak Emikpoadfu
92,zdlutvfs@school.edu,8033419451,Uqymrau Rupoa
93,qoiogv@school.edu,8711804748,Fsurhydmk Nwldx
94,bgrdswotlkhq@school.edu,5201854753,Tvktrwrpb Geksp
95,ykyllwwwhrs@school.edu,1542839275,Etjus Rysmzbvcnw
96,qelarwco@school.edu,6128275489,Bgdugqdv Fbnodgxld
97,vysulneamuuh@school.edu,2477152185,Asgfh Ybmjjjq
98,cdgzkgjzjdh@school.edu,2742055448,Kypsb Rinqj
99,kdrswtdea@school.edu,4860551830,Svwtftsxpl Pltdiaby
100,qsudpaaf@school.edu,8927184021,Urtayj Rrtbdyyan
101,bscwdhbqz@school.edu,5967321633,Yvnozm Dcbruzkky
102,stcndeclb@school.edu,8973808019,Pvoxrhct Ocrnp
103,ydrrjmlebc@school.edu,6452763172,Zykbqrnrc Yjmwjhqsj
104,xildnkmdtouhh@school.edu,9191014162,Dvxks Kgubixzqtl
105,qxvaax@school.edu,8770463567,Juklen Tbhyycxj
106,wrtvofomtd@school.edu,2797880739,Qhbhyqortp Ijhhaac
107,ijqgctzps@school.edu,7660636742,Amupf Iuzdd
108,zzzjhwtx@school.edu,3727031896,Oaelmh Mspfsrrb
109,rgceocyv@school.edu,5460244389,Srxbukdbvn Qxqblxkarh
110,ysviwokyklxyx@school.edu,2571691519,Tywgv Wnsdhx
111,acnbj@school.edu,2436838587,Tgznjkwgpg Xroidgncfb
112,cptgnlevckl@school.edu,4111039856,Xgdnlejox Tdiund
113,vwfkfu@school.edu,9057590146,Fdmlzk Mgziyybvt
114,qgvlmdsjhr@school.edu,8523297616,Igowy Maxbz
115,novtbhnoedern@school.edu,8654191837,Jdtlfbngcn Txvbfrlksj
116,xyvql@school.edu,6286143687,Tcatrpeto Baulczx
117,gbiftuk@school.edu,7613727697,Olzry Bipsk
118,igqfqhahamlv@school.edu,5206343196,Adcazgevn Blgwiyzsvw
119,wtkjqurz@school.edu,1797897696,Evedsljiws Nfoyptpjon
120,scxhkovq@school.edu,7698867947,Ihggcv Dmnxtv
121,gwztcup@school.edu,8973193688,Yyrjybekp Zepvfh
122,dmint@school.edu,7843642297,Uhtns Dtyegxiu
123,usrvdh@school.edu,8469338891,Hdlfbyiwn Qoydr
124,okaum@school.edu,8126629819,Eaoiscb Djccl
125,xboqizopezj@school.edu,2952422339,Lbjql Ejliu
126,oouwu@school.edu,9947151379,Arlqxpf Tlwqtt
127,qwxjvttbcqnww@school.edu,4842251406,Frtfbf Utoamjsaaw
128,napcgsjxp@school.edu,4123734029,Ozvorn Uyfzbah
129,mttuspxwxj@school.edu,4507339229,Mlgcvnl Hhtwykzees
130,uiikagteksj@school.edu,4360696805,Icujseywve Fpncbdrw
131,neacayeeku@school.edu,1619150239,Tlaqv Liimorkaw
132,xdjhzam@school.edu,1980590144,Jrcrg Srxbezkhch
133,pgrwugzatjys@school.edu,7096180190,Tbcxlbg Axaqtw
134,agvnbdg@school.edu,7292031738,Gdggm Anuqstnwp
135,esfaviohns@school.edu,1610555534,Bimsaf Hfevftykp
136,kgjptkgzwf@school.edu,6428660926,Wzecagareb Fkbpqazel
137,xziacwygahk@school.edu,9652475528,Rsefd Ogmbabhwge
138,bjtqidhoijrc@school.edu,3103184056,Qqrirhhae Ufenrcrxhv
139,cscmhpwudj@school.edu,9041620631,Aeokhmgkd Qplfpstwp
140,nkgwxjy@school.edu,9925627242,Eazccmjw Kkybzmo
141,yktqzpzawj@school.edu,8684630040,Vzejqkkthc Pdkqwpn
142,nozqtfk@school.edu,8298571279,Eyrxolb Vxmuqsuzgf
143,bakrogjj@school.edu,6477498354,Fdvyhdmopt Ynmpaa
144,tbautsokmgd@school.edu,8291014110,Uvwzxpk Botsh
145,zaxfwzdqde@school.edu,8072317686,Jibddou Exlgv
146,ngjvetovdg@school.edu,1345984804,Iotab Cwbywmpt
147,sbiuvtbk@school.edu,2727001983,Qgtsyvrjt Eizucxit
148,tfywcxitwwr@school.edu,6167256568,Cqlaomo Qjahbwcrm
149,yydhyzacm@school.edu,8530881417,Gobeukx Jwmswzkj
150,wkqggm@school.edu,2314742036,Aviwhmcyc Gkbhpqwwv
151,bwjrwql@school.edu,7642732110,Boxgtult Tfasd
152,ycyfsrcwc@school.edu,1261079199,Lmspo Ivbvf
153,sxhtp@school.edu,7197083614,Uhamammq Aicdzit
154,niqqwamwwzjap@school.edu,6967969752,Iyouewv Wrpjamco
155,pcwapcnd@school.edu,9036310786,Lrxjfncb Pnlkjmj
156,nhjzv@school.edu,1262799918,Nzdphbvtw Mqdruioj
157,tidmambixm@school.edu,6308113935,Ldhzjplnp Wmppjndrt
158,fpautf@school.edu,2290532281,Sneagxnbv Kheykddf
159,iryctz@school.edu,9350069648,Gtzrr Sybnel
160,dneqel@school.edu,2849184486,Gtxitfmh Wafsfmmlj
161,pwfhmvzz@school.edu,7526208751,Nbqadtn Ctxnewxnmg
162,zggliizmdg@school.edu,6288346519,Hcymvfuxw Vzurtqo
163,vemtvol@school.edu,2496433708,Mziiiplcw Nlmicywbwc
164,ftfnpg@school.edu,4154181574,Dfyfwsfi Sauthzupdw
165,peqixhzpm@school.edu,8052368445,Chdlgim Nwjrxb
166,guyedfwmkvxho@school.edu,9427203822,Tdrvtmax Hbcjhp
167,pmpuwywyy@school.edu,2513511095,Swnlau Kgybmkpyvx
168,fivvzsyubifu@school.edu,5549381608,Hjdpain Rnjdkdd
169,jpjdiaapi@school.edu,9662423547,Ivktusih Mdwrx
170,dzlmlhfqi@school.edu,3680535627,Czxplku Rlfgmgs
171,gysfxvvlvroa@school.edu,2965702667,Zavpbvzz Qirppqgvn
172,sxxsiwmhv@school.edu,8289747096,Cqugzlxuov Qfvwv
173,cmdkvfcvo@school.edu,3659627462,Gdhmly Jihnkdme
174,xunhqirmmyq@school.edu,6625985475,Tsarfkslrl Pnyfb
175,wewxfgo@school.edu,3246463460,Rmdow Rpuvyxgvts
176,aiqmdx@school.edu,5642215037,Vsbhvjxq Dcdlxsxvse
177,quxzatdp@school.edu,6462855281,Wtptmh Saojakekfm
178,gahgx@school.edu,3459236157,Vovwieiyfs Hqphd
179,ligwzg@school.edu,9633421738,Arhlegcgo Ckbllpxmrx
180,jbwlwlms@school.edu,5103672493,Hutvnygj Slqumciem
181,whdce@school.edu,7231130462,Wrqoedwczx Smwmfh
182,uhisjsmicbnk@school.edu,2907821812,Mdqdyb Xxyismueu
183,qguexlvyaap@school.edu,5463769530,Ctvlxpfmas Synjdqbbk
184,zhyjr@school.edu,7770711597,Jqtvvli Uvqartw
185,cszbippmuiw@school.edu,5158746706,Ldwadijcwt Erxeeflmiw
186,ptgllbrkz@school.edu,9686399639,Satudgymib Dxrgfahfy
187,copwcgxkfqu@school.edu,5437923819,Tpyqs Blbwvlhz
188,yzhfadlmwa@school.edu,1996298832,Dzndjd Icogyg
189,nxffb@school.edu,2629931544,Sftepzoqnw Tkbdbfwab
190,jykgrln@school.edu,6106689866,Ftstjkz Usgznn
191,levjvhnfw@school.edu,8927668309,Hxdhtewd Jbpvblxsks
192,exnnwissrn@school.edu,2133736828,Dipklkd Ouhgd
193,hqzsfweg@school.edu,6062527906,Lyilqwdky Nbfjs
194,dmbuab@school.edu,9467984594,Zojrojjfmw Ugunvalewb
195,uezphgpgbslxj@school.edu,3469212953,Tihfmikjgy Wusfv
196,nzzxkulhfjm@school.edu,7532416168,Bnapferh Omwjkcloi
197,gcysbuf@school.edu,4185236206,Devthkfbg Ogbqt
198,hqhvmny@school.edu,6692204593,Tlcrhv Xhiocfmeem
199,eifeqa@school.edu,9642376948,Wnztfiov Mgcpzebpbx
